,created_utc,id,avg_comments,avg_score,Noise,Count_Score_300,Adj Close,Volume
0,2020-12-08,80,145.5,1.0,0.0,0,16.940000534057617,16120200.0
1,2020-12-09,45,52.08888888888889,1.0,0.0,0,13.65999984741211,24357900.0
2,2020-12-10,19,33.05263157894737,1.0,0.0,0,14.119999885559082,7558900.0
3,2020-12-11,21,34.333333333333336,1.0,0.0,0,13.3100004196167,7496900.0
4,2020-12-12,17,39.23529411764706,1.0,0.0,0,,
5,2020-12-13,9,79.77777777777777,1.0,1.0,0,,
6,2020-12-14,29,51.827586206896555,1.0,0.0,0,12.720000267028809,10007100.0
7,2020-12-15,25,19.28,1.0,0.0,0,13.850000381469727,8192900.0
8,2020-12-16,9,47.77777777777778,5.777777777777778,0.0,0,13.850000381469727,5865100.0
9,2020-12-17,16,46.9375,22.625,0.0,0,14.829999923706055,8194900.0
10,2020-12-18,13,164.6153846153846,479.15384615384613,0.0,2,15.630000114440918,16618800.0
11,2020-12-19,3,102.33333333333333,9.0,0.0,0,,
12,2020-12-20,12,53.166666666666664,1.0,1.0,0,,
13,2020-12-21,26,58.42307692307692,1.0,0.0,0,15.529999732971191,9876100.0
14,2020-12-22,96,62.5625,1.0104166666666667,0.0,0,19.459999084472656,30652700.0
15,2020-12-23,98,34.01020408163265,1.0,0.0,0,20.56999969482422,25830300.0
16,2020-12-24,43,34.46511627906977,1.0,0.0,0,20.149999618530273,6262200.0
17,2020-12-25,35,73.88571428571429,1.0,0.0,0,,
18,2020-12-26,34,55.088235294117645,1.0,0.0,0,,
19,2020-12-27,57,51.54385964912281,1.0,1.0,0,,
20,2020-12-28,95,36.705263157894734,1.0,0.0,0,20.989999771118164,8965900.0
21,2020-12-29,74,38.486486486486484,1.0,0.0,0,19.3799991607666,9241400.0
22,2020-12-30,65,92.8,1.0,0.0,0,19.260000228881836,5934400.0
23,2020-12-31,106,27.943396226415093,1.009433962264151,0.0,0,18.84000015258789,6922700.0
24,2021-01-01,44,47.34090909090909,1.0,0.0,0,,
25,2021-01-02,38,43.18421052631579,1.0,0.0,0,,
26,2021-01-03,28,11.928571428571429,1.0,1.0,0,,
27,2021-01-04,78,18.833333333333332,1.0,0.0,0,17.25,10022500.0
28,2021-01-05,76,57.30263157894737,1.0,0.0,0,17.3700008392334,4961500.0
29,2021-01-06,47,12.53191489361702,3.425531914893617,0.0,0,18.360000610351562,6056200.0
30,2021-01-07,20,48.95,2.7,0.0,0,18.079999923706055,6129300.0
31,2021-01-08,43,24.790697674418606,2.2325581395348837,0.0,0,17.690000534057617,6482000.0
32,2021-01-09,37,10.216216216216216,1.4324324324324325,0.0,0,,
33,2021-01-10,31,64.87096774193549,2.838709677419355,3.0,0,,
34,2021-01-11,74,42.2972972972973,4.378378378378378,0.0,0,19.940000534057617,14927600.0
35,2021-01-12,44,39.04545454545455,5.113636363636363,0.0,0,19.950000762939453,7060700.0
36,2021-01-13,459,37.64488017429194,11.784313725490197,0.0,1,31.399999618530273,144501700.0
37,2021-01-14,464,38.79956896551724,7.698275862068965,0.0,1,39.90999984741211,93717400.0
38,2021-01-15,462,33.268398268398265,9.75108225108225,0.0,0,35.5,46866400.0
39,2021-01-16,189,51.05820105820106,2.3439153439153437,0.0,0,,
40,2021-01-17,170,46.04705882352941,1.0470588235294118,6.0,0,,
41,2021-01-18,319,30.44514106583072,1.006269592476489,0.0,0,,
42,2021-01-19,457,146.74617067833697,7.964989059080962,0.0,1,39.36000061035156,74721900.0
43,2021-01-20,306,152.13071895424838,5.571895424836601,0.0,0,39.119998931884766,33471800.0
44,2021-01-21,479,24.8643006263048,2.58455114822547,0.0,0,43.029998779296875,57079800.0
45,2021-01-22,1213,24.830173124484748,1.0403957131079966,0.0,0,65.01000213623047,197157900.0
46,2021-01-23,377,38.323607427055705,1.0106100795755968,0.0,0,,
47,2021-01-24,425,1.96,1.0047058823529411,100.0,0,,
48,2021-01-25,2296,1.0918989547038327,1.0452961672473868,0.0,0,76.79000091552734,177874000.0
49,2021-01-26,677,0.47858197932053176,1.0251107828655834,0.0,0,147.97999572753906,178588000.0
50,2021-01-27,5861,19.40505033270773,15.672752090087016,0.0,35,347.510009765625,93396700.0
51,2021-01-28,11179,37.58001610161911,2.64469093836658,0.0,15,193.60000610351562,58815800.0
52,2021-01-29,4510,61.81086474501109,1.01529933481153,0.0,0,325.0,50259200.0
53,2021-01-30,2556,37.82942097026604,2.905712050078247,0.0,3,,
54,2021-01-31,2660,44.384962406015035,265.7894736842105,75.0,96,,
55,2021-02-01,5228,80.54437643458301,227.87165263963274,0.0,166,225.0,37382200.0
56,2021-02-02,5554,24.950306085703996,175.20831832913217,0.0,150,90.0,78183100.0
57,2021-02-03,1824,12.210526315789474,231.7330043859649,0.0,103,92.41000366210938,42698500.0
