,Unnamed: 0,created_utc,post_count,avg_comments,avg_score,Ticker,isPartial,Noise,Count_Score_300,Adj Close,Volume,post_count_change,avg_score_change,Adj Close_change,Volume_change
1,1,12/9/2020,3,2.666666667,1.0,MSFT,False,23,0.0,211.3133087,32440600.0,2.0,0.0,-0.019489799675362574,0.39325118857933106
2,2,12/10/2020,1,17.0,1.0,MSFT,False,29,0.0,210.03625490000002,26733300.0,-0.6666666666666667,0.0,-0.006043413961271171,-0.17593077809904867
3,3,12/16/2020,5,40.8,4.6,MSFT,False,26,0.0,218.77612299999998,35023300.0,4.0,3.5999999999999996,0.04161123566101055,0.3101001372819667
4,4,12/17/2020,4,26.25,6.25,MSFT,False,28,0.0,218.915802,32515800.0,-0.19999999999999996,0.3586956521739131,0.0006384563273389432,-0.0715951951986249
6,6,12/21/2020,2,12.5,1.0,MSFT,False,35,0.0,222.0785065,37181900.0,1.0,0.0,0.01444712748511412,0.14350254337891122
7,7,12/22/2020,2,0.0,1.0,MSFT,False,36,0.0,223.425415,22612200.0,0.0,0.0,0.006065010618215627,-0.39184925998940345
8,8,12/24/2020,1,0.0,1.0,MSFT,False,19,0.0,222.2381439,10550600.0,-0.5,0.0,-0.005313948281129854,-0.5334111674228956
13,13,1/5/2021,2,1.0,1.0,MSFT,False,28,0.0,217.399292,23823000.0,1.0,0.0,-0.021773273548294836,1.257975849714708
14,14,1/12/2021,1,0.0,1.0,MSFT,False,19,0.0,214.4361115,23249300.0,-0.5,0.0,-0.013630129485426301,-0.02408176971833942
15,15,1/14/2021,1,0.0,1.0,MSFT,False,27,0.0,212.5305176,29480800.0,0.0,0.0,-0.008886534486520103,0.26802957508398095
17,17,1/20/2021,2,11.5,0.5,MSFT,False,33,0.0,223.8244934,37777300.0,1.0,-0.5,0.05314048978724162,0.28142044991994797
18,18,1/22/2021,1,0.0,1.0,MSFT,False,32,0.0,225.4307861,30172700.0,-0.5,1.0,0.007176572481410126,-0.20130078115693817
20,20,1/25/2021,2,1.0,1.0,MSFT,False,32,0.0,229.00256349999998,33152100.0,0.0,0.0,0.015844230780509116,0.09874489190559688
21,21,1/27/2021,2,0.0,1.0,MSFT,False,97,0.0,232.36482239999998,69870600.0,0.0,0.0,0.01468218891794204,1.1075768955812753
22,22,1/28/2021,2,0.0,1.0,MSFT,False,49,0.0,238.3809662,49111200.0,0.0,0.0,0.02589094053851082,-0.29711209006363193
23,23,1/29/2021,1,0.0,1.0,MSFT,False,38,0.0,231.42698670000001,42468900.0,-0.5,0.0,-0.029171706159482724,-0.13525020769193175
24,24,2/3/2021,1,0.0,3.0,MSFT,False,39,0.0,242.4416199,27158100.0,0.0,2.0,0.047594419981271674,-0.3605179319454942
26,26,12/9/2020,35,29.25714286,1.0,TSLA,False,63,0.0,604.4799805,71291200.0,0.3999999999999999,0.0,-0.06985908792037065,0.10933167353925155
27,27,12/10/2020,23,35.30434783,1.0,TSLA,False,65,0.0,627.0700072999999,67083200.0,-0.34285714285714286,0.0,0.03737100901392032,-0.059025517875979094
28,28,12/11/2020,16,43.4375,1.0,TSLA,False,53,0.0,609.9899902000001,46475000.0,-0.30434782608695654,0.0,-0.02723781539726633,-0.30720359195744984
31,31,12/14/2020,34,60.67647059,1.0,TSLA,False,44,0.0,639.8300171,52040600.0,1.8333333333333335,0.0,0.04891887962000174,0.11975470683162981
32,32,12/15/2020,21,12.28571429,1.0,TSLA,False,49,0.0,633.25,45223600.0,-0.38235294117647056,0.0,-0.010284008133634615,-0.13099387785690408
33,33,12/16/2020,19,42.57894737,3.0,TSLA,False,45,0.0,622.7700195,42095800.0,-0.09523809523809523,2.0,-0.016549515199368314,-0.06916300338761183
34,34,12/17/2020,22,146.5454545,48.95454545,TSLA,False,44,1.0,655.9000244,56270100.0,0.1578947368421053,15.318181816666666,0.05319781598767226,0.3367153017640714
35,35,12/18/2020,75,57.44,189.1333333,TSLA,False,81,6.0,695.0,222126200.0,2.409090909090909,2.863447848640989,0.059612706426970474,2.9474996490143077
38,38,12/21/2020,30,35.76666667,1.0,TSLA,False,81,0.0,649.8599853999999,58045300.0,0.7647058823529411,0.0,-0.06494966129496416,-0.7386832350258546
39,39,12/22/2020,23,25.43478261,1.0,TSLA,False,60,0.0,640.3400268999999,51716000.0,-0.23333333333333328,0.0,-0.014649245551163315,-0.10904069752417511
40,40,12/23/2020,13,31.69230769,1.0,TSLA,False,57,0.0,645.9799805,33173000.0,-0.4347826086956522,0.0,0.008807748013667238,-0.3585544125609096
41,41,12/24/2020,12,13.16666667,1.0,TSLA,False,39,0.0,661.7700195,22865600.0,-0.07692307692307687,0.0,0.0244435423335847,-0.31071654658909353
45,45,12/28/2020,12,6.583333333,0.833333333,TSLA,False,39,0.0,663.6900024,32278600.0,-0.07692307692307687,-0.166666667,0.002901284197568632,0.4116664334196347
46,46,12/29/2020,7,8.571428571,1.0,TSLA,False,38,0.0,665.9899902000001,22910800.0,-0.41666666666666663,0.20000000048,0.003465454943848645,-0.29021704782735314
47,47,12/30/2020,25,20.2,1.0,TSLA,False,37,0.0,694.7800292999999,42846000.0,2.5714285714285716,0.0,0.04322893665617111,0.8701223876948863
48,48,12/31/2020,22,13.18181818,1.0,TSLA,False,50,0.0,705.6699829,49649900.0,-0.12,0.0,0.015673958865760618,0.1587989543948094
52,52,1/4/2021,25,20.88,1.0,TSLA,False,46,0.0,729.7700195,48638200.0,1.7777777777777777,0.0,0.0341519934020138,-0.020376677495825724
53,53,1/5/2021,24,25.29166667,1.083333333,TSLA,False,49,0.0,735.1099853999999,32245200.0,-0.040000000000000036,0.0833333329999999,0.007317327044564781,-0.33703961084086176
54,54,1/6/2021,30,25.73333333,2.066666667,TSLA,False,58,0.0,755.9799805,44700000.0,0.25,0.9076923085869821,0.028390302831547087,0.3862528376316474
55,55,1/7/2021,48,51.20833333,2.645833333,TSLA,False,80,0.0,816.039978,51498900.0,0.6000000000000001,0.2802419351160903,0.07944654494723102,0.15210067114093961
56,56,1/8/2021,83,31.71084337,2.204819277,TSLA,False,100,0.0,880.0200195,75055500.0,0.7291666666666667,-0.16668247787926715,0.07840307242888533,0.4574194788626553
59,59,1/11/2021,43,55.39534884,2.9069767439999996,TSLA,False,72,0.0,811.1900024,59554100.0,0.7916666666666667,-0.01735997374843512,-0.07821414919527292,-0.2065324992838633
60,60,1/12/2021,34,34.52941176,4.7647058819999994,TSLA,False,76,0.0,849.4400024,46270700.0,-0.2093023255813954,0.6390588235128998,0.04715294799841341,-0.22304761552940944
61,61,1/13/2021,27,15.25925926,4.592592593,TSLA,False,57,0.0,854.4099731000001,33312500.0,-0.20588235294117652,-0.0361225421384781,0.0058508790331959215,-0.2800519551249495
62,62,1/14/2021,19,14.94736842,2.842105263,TSLA,False,56,0.0,845.0,31266300.0,-0.2962962962962963,-0.3811544992403815,-0.011013416739341753,-0.06142439024390245
63,63,1/15/2021,21,14.0952381,3.380952381,TSLA,False,51,0.0,826.1599731000001,38777600.0,0.10526315789473695,0.18959435634386645,-0.022295889822485093,0.2402362927497017
67,67,1/19/2021,17,3.823529412,1.588235294,TSLA,False,42,0.0,844.5499877999998,25367000.0,0.5454545454545454,0.588235294,0.022259629247099566,-0.34583367717445124
68,68,1/20/2021,18,4.166666667,1.4444444440000002,TSLA,False,41,0.0,850.4500122000002,25665900.0,0.05882352941176472,-0.09053497963633583,0.006985997851198356,0.011783025190207796
69,69,1/21/2021,8,15.25,2.25,TSLA,False,44,0.0,844.9899902000001,20598100.0,-0.5555555555555556,0.5576923081715974,-0.006420156295695478,-0.1974526511830873
70,70,1/22/2021,19,10.52631579,1.105263158,TSLA,False,37,0.0,846.6400146,20066500.0,1.375,-0.5087719297777777,0.0019527147293298963,-0.02580820561119712
73,73,1/25/2021,43,0.325581395,1.023255814,TSLA,False,42,0.0,880.7999877999998,41173400.0,1.15,0.023255814000000097,0.04034769513715797,1.051847606707697
74,74,1/26/2021,8,0.375,1.0,TSLA,False,53,0.0,883.0900268999999,23131600.0,-0.813953488372093,-0.022727272771694285,0.002599953600953109,-0.43819067650473364
75,75,1/27/2021,51,2.7058823530000002,1.215686275,TSLA,False,76,0.0,864.1599731000001,27334000.0,5.375,0.21568627499999993,-0.0214361539858533,0.1816735547908488
76,76,1/28/2021,39,1.615384615,1.051282051,TSLA,False,69,0.0,835.4299927000001,26378000.0,-0.23529411764705888,-0.1352357325906307,-0.03324613647278407,-0.0349747567132509
77,77,1/29/2021,34,9.058823529,1.0,TSLA,False,61,0.0,793.5300292999999,34990800.0,-0.1282051282051282,-0.0487804875496729,-0.050153769634945666,0.32651451967548706
80,80,2/1/2021,19,9.473684211,37.0,TSLA,False,51,1.0,839.8099976,25391400.0,2.8,-0.4714285714285714,0.05832163445764649,-0.27434068383689425
81,81,2/2/2021,34,105.44117649999998,1780.529412,TSLA,False,51,1.0,872.7899779999999,24346200.0,0.7894736842105263,47.12241654054054,0.039270764213631404,-0.041163543561993476
82,82,2/3/2021,8,15.125,98.0,TSLA,False,43,1.0,854.6900024,18343500.0,-0.7647058823529411,-0.9449601903009732,-0.020738065349324986,-0.24655593069965742
84,84,12/10/2020,1,12.0,1.0,AMZN,False,25,0.0,3101.48999,3030200.0,0.0,0.0,-0.0008729982097728239,-0.26107101053452986
86,86,12/14/2020,1,0.0,1.0,AMZN,False,29,0.0,3156.969971,4155800.0,-0.5,0.0,0.01788817025974021,0.37146062966140847
87,87,12/15/2020,1,32.0,1.0,AMZN,False,29,0.0,3165.1201170000004,3323700.0,0.0,0.0,0.002581635579326891,-0.20022618990326768
88,88,12/16/2020,2,17.0,5.5,AMZN,False,26,0.0,3240.959961,4427600.0,1.0,4.5,0.023961126654454823,0.3321298552817642
89,89,12/17/2020,2,1.0,1.5,AMZN,False,25,0.0,3236.080078,3474300.0,0.0,-0.7272727272727273,-0.001505690615966282,-0.2153085192881019
91,91,12/21/2020,2,7.0,1.0,AMZN,False,24,0.0,3206.179932,3836800.0,0.0,-0.5,-0.009239618698953622,0.10433756440146214
92,92,12/22/2020,2,15.0,1.0,AMZN,False,24,0.0,3206.52002,2369400.0,0.0,0.0,0.00010607264944972883,-0.38245412844036697
93,93,12/23/2020,1,2.0,1.0,AMZN,False,26,0.0,3185.27002,2093800.0,-0.5,0.0,-0.00662712219710393,-0.11631636701274584
95,95,12/28/2020,2,30.5,1.0,AMZN,False,24,0.0,3283.959961,5686800.0,0.0,0.0,0.030983226031179534,1.7160187219409684
96,96,12/29/2020,1,31.0,1.0,AMZN,False,27,0.0,3322.0,4872900.0,-0.5,0.0,0.011583587940096729,-0.1431209115847225
97,97,12/30/2020,3,16.33333333,1.0,AMZN,False,26,0.0,3285.850098,3209300.0,2.0,0.0,-0.010881969295605143,-0.34139834595415464
100,100,1/4/2021,2,0.0,1.0,AMZN,False,22,0.0,3186.6298829999996,4411400.0,0.0,0.0,-0.030196208603792574,0.3745676627301904
101,101,1/5/2021,1,27.0,1.0,AMZN,False,22,0.0,3218.51001,2655500.0,-0.5,0.0,0.010004339433981269,-0.3980369043840958
102,102,1/6/2021,2,0.0,1.5,AMZN,False,27,0.0,3138.3798829999996,4394800.0,1.0,0.5,-0.024896653032314253,0.6549802297119187
103,103,1/7/2021,1,0.0,1.0,AMZN,False,28,0.0,3162.159912,3514500.0,-0.5,-0.33333333333333337,0.0075771671647566485,-0.20030490579776095
106,106,1/11/2021,5,30.4,1.4,AMZN,False,27,0.0,3114.209961,3683400.0,1.5,0.3999999999999999,-0.015163670508261173,0.048058045241143876
107,107,1/12/2021,1,2.0,1.0,AMZN,False,28,0.0,3120.830078,3514600.0,-0.8,-0.2857142857142857,0.0021257773505656274,-0.04582722484660906
108,108,1/13/2021,1,36.0,4.0,AMZN,False,22,0.0,3165.889893,3321200.0,0.0,3.0,0.01443840704998478,-0.05502759915779887
109,109,1/14/2021,1,22.0,1.0,AMZN,False,25,0.0,3127.469971,3070900.0,0.0,-0.75,-0.012135583769021463,-0.0753643261471757
110,110,1/15/2021,2,11.5,3.5,AMZN,False,27,0.0,3104.25,4244000.0,1.0,2.5,-0.0074245224463579396,0.38200527532645157
113,113,1/19/2021,2,21.0,4.5,AMZN,False,22,0.0,3120.76001,3305100.0,1.0,3.5,0.005318518160586372,-0.22122997172478798
114,114,1/20/2021,9,49.44444444,8.333333332999999,AMZN,False,28,0.0,3263.3798829999996,5309800.0,3.5,0.8518518517777776,0.04570036546962797,0.606547456960455
115,115,1/21/2021,5,14.6,1.0,AMZN,False,34,0.0,3306.98999,4945100.0,-0.4444444444444444,-0.8799999999952,0.013363478529477835,-0.06868431956005872
116,116,1/22/2021,3,0.666666667,1.0,AMZN,False,30,0.0,3292.22998,2821900.0,-0.4,0.0,-0.00446327628587706,-0.4293543103273948
119,119,1/25/2021,2,0.5,1.0,AMZN,False,26,0.0,3294.0,3749800.0,-0.33333333333333337,0.0,0.0005376355876571814,0.32882100712286055
120,120,1/26/2021,1,1.0,1.0,AMZN,False,30,0.0,3326.1298829999996,2955200.0,-0.5,0.0,0.00975406284153002,-0.21190463491386202
121,121,1/27/2021,4,0.25,0.75,AMZN,False,28,0.0,3232.580078,4660200.0,3.0,-0.25,-0.02812572217282827,0.5769491066594477
122,122,1/28/2021,9,9.111111111,3.666666667,AMZN,False,27,0.0,3237.6201170000004,3149200.0,1.25,3.888888889333333,0.001559138173962582,-0.32423501137290245
123,123,1/29/2021,2,0.0,1.0,AMZN,False,26,0.0,3206.199951,4285600.0,-0.7777777777777778,-0.7272727272975206,-0.00970471051715438,0.36085355010796394
125,125,2/1/2021,8,18.5,0.875,AMZN,False,34,0.0,3342.8798829999996,4160200.0,7.0,-0.9986940298507463,0.042629884002514995,-0.029260780287474364
126,126,2/2/2021,6,5.166666667,4.5,AMZN,False,100,0.0,3380.0,7098600.0,-0.25,4.142857142857143,0.011104232966542504,0.7063121965290131
127,127,2/3/2021,3,8.333333332999999,56.33333333,AMZN,False,88,0.0,3312.530029,7088800.0,-0.5,11.518518517777778,-0.01996152988165678,-0.001380553912038951
129,129,12/9/2020,2,14.5,1.0,AAPL,False,32,0.0,121.5982895,115089200.0,0.0,0.0,-0.0209036997237787,0.39967771555052867
130,130,12/11/2020,1,0.0,1.0,AAPL,False,30,0.0,122.227356,86939800.0,-0.5,0.0,0.005173317014463441,-0.24458767634148126
133,133,12/15/2020,3,36.66666667,1.0,AAPL,False,43,0.0,127.6891861,157572300.0,2.0,0.0,0.044685823851086104,0.8124299802852089
134,134,12/16/2020,2,20.0,1.5,AAPL,False,40,0.0,127.6192932,98208600.0,-0.33333333333333337,0.5,-0.0005473674172005172,-0.37673943960962686
135,135,12/17/2020,1,131.0,48.0,AAPL,False,40,0.0,128.50796509999998,94359800.0,-0.5,31.0,0.0069634604432990965,-0.039190050565836354
136,136,12/18/2020,3,1.333333333,1.333333333,AAPL,False,36,0.0,126.4710159,192541500.0,2.0,-0.9722222222291667,-0.01585076223419224,1.0405034771163142
139,139,12/21/2020,15,9.266666667,1.0,AAPL,False,45,0.0,128.03866580000002,121251600.0,14.0,0.0,0.012395329387087095,-0.37025732114894716
140,140,12/22/2020,17,8.882352941,1.0,AAPL,False,56,0.0,131.6832275,168904800.0,0.1333333333333333,0.0,0.02846453981091046,0.39301089635105857
141,141,12/23/2020,11,22.54545455,1.0,AAPL,False,46,0.0,130.7646027,88223700.0,-0.3529411764705882,0.0,-0.006976019782018006,-0.47767203773960243
145,145,12/28/2020,1,0.0,1.0,AAPL,False,49,0.0,136.4860535,124486200.0,-0.75,0.0,0.043753819320096365,0.4110290092118105
146,146,12/29/2020,2,58.5,1.0,AAPL,False,51,0.0,134.6687622,121047300.0,1.0,0.0,-0.013314849784267446,-0.02762474876733323
147,147,12/30/2020,1,0.0,1.0,AAPL,False,40,0.0,133.5204773,96452100.0,-0.5,0.0,-0.008526735385706141,-0.2031866881789185
148,148,12/31/2020,2,0.0,1.0,AAPL,False,37,0.0,132.4920197,99116600.0,1.0,0.0,-0.00770262075748307,0.02762511132468859
150,150,1/4/2021,2,0.0,1.0,AAPL,False,38,0.0,129.2169189,143301900.0,0.0,0.0,-0.024719230693408978,0.4457911187429755
151,151,1/5/2021,1,1.0,1.0,AAPL,False,38,0.0,130.8145142,97664900.0,-0.5,0.0,0.012363669661836996,-0.31846751508528504
152,152,1/6/2021,4,0.0,1.0,AAPL,False,44,0.0,126.41110230000001,155088000.0,3.0,0.0,-0.03366149335132407,0.5879604648138685
153,153,1/7/2021,2,4.5,2.5,AAPL,False,43,0.0,130.7246552,109578200.0,-0.5,1.5,0.034123212451411256,-0.2934450118642319
154,154,1/8/2021,3,13.33333333,2.0,AAPL,False,42,0.0,131.8529663,105158200.0,0.5,-0.19999999999999996,0.008631203488536743,-0.040336490287301685
157,157,1/11/2021,2,40.5,3.0,AAPL,False,40,0.0,128.7875519,100620900.0,-0.33333333333333337,2.0,-0.023248732933511373,-0.04314737224486531
158,158,1/12/2021,5,122.8,20.4,AAPL,False,37,0.0,128.6078186,91951100.0,1.5,5.8,-0.0013955797540089465,-0.08616301384702385
159,159,1/13/2021,7,49.28571429,3.285714286,AAPL,False,37,0.0,130.6947021,88636800.0,0.3999999999999999,-0.8389355742156863,0.016226723403891086,-0.03604415825368046
160,160,1/14/2021,1,42.0,7.0,AAPL,False,36,0.0,128.7176666,90221800.0,-0.8571428571428572,1.1304347824234404,-0.015127128094965081,0.017881963247770694
161,161,1/15/2021,2,22.5,3.5,AAPL,False,40,0.0,126.95029450000001,111598500.0,1.0,-0.5,-0.013730610153866674,0.23693497580407397
163,163,1/21/2021,5,10.8,1.0,AAPL,False,47,0.0,136.6657715,120529500.0,4.0,0.0,0.07652977126413818,0.08002795736501844
164,164,1/22/2021,17,6.4117647060000005,1.0,AAPL,False,45,0.0,138.8625031,114459400.0,2.4,0.0,0.016073751136728376,-0.05036194458618015
167,167,1/25/2021,19,0.42105263200000004,1.052631579,AAPL,False,55,0.0,142.70675659999998,157611700.0,5.333333333333333,0.05263157900000004,0.027683884520154356,0.3770096645622816
168,168,1/26/2021,1,1.0,1.0,AAPL,False,58,0.0,142.9463959,98390600.0,-0.9473684210526316,-0.05000000004750005,0.0016792428453245023,-0.37574050657406777
169,169,1/27/2021,11,8.545454545,2.545454545,AAPL,False,100,0.0,141.8480377,140843800.0,10.0,1.5454545450000001,-0.007683706840488469,0.4314761776023319
170,170,1/28/2021,16,1.125,1.0,AAPL,False,92,0.0,136.8854523,142621100.0,0.4545454545454546,-0.6071428570727041,-0.034985224191085074,0.012618943822873208
171,171,1/29/2021,5,0.0,1.0,AAPL,False,64,0.0,131.76310729999997,177180600.0,-0.6875,0.0,-0.037420667528451634,0.2423168801811233
174,174,2/1/2021,5,31.6,30.6,AAPL,False,55,0.0,133.9398499,106239800.0,0.6666666666666667,3.831578947622715,0.016520121941599353,-0.4003869498127899
175,175,2/2/2021,8,0.625,18.875,AAPL,False,57,0.0,134.7885895,83305400.0,0.6000000000000001,-0.38316993464052296,0.0063367220482453135,-0.2158739003650233
176,176,2/3/2021,5,19.2,36.8,AAPL,False,55,0.0,133.7401581,89880900.0,-0.375,0.9496688741721853,-0.007778339426869674,0.0789324581599753
178,178,12/10/2020,2,3.5,1.0,JPM,False,27,0.0,119.4100418,13668400.0,-0.5,0.0,-0.006443671906295023,0.04547227682634869
179,179,12/14/2020,2,16.0,1.0,JPM,False,24,0.0,117.4541321,12112400.0,0.0,0.0,-0.016379775691528153,-0.11383922039156014
180,180,12/15/2020,4,6.0,1.0,JPM,False,35,0.0,119.45968629999999,12591400.0,1.0,0.0,0.01707521194990802,0.03954625012383994
182,182,12/21/2020,2,25.0,1.0,JPM,False,67,0.0,122.66659550000001,28323600.0,0.0,0.0,0.026845116535351377,1.249440094032435
183,183,12/22/2020,2,37.0,1.0,JPM,False,50,0.0,120.80002590000001,11788200.0,0.0,0.0,-0.015216608828114153,-0.5838029064102022
184,184,12/23/2020,1,2.0,1.0,JPM,False,44,0.0,124.1757202,14973200.0,-0.5,0.0,0.027944483247002383,0.2701854396769652
185,185,1/4/2021,2,40.0,1.0,JPM,False,39,0.0,124.97000120000001,16819900.0,1.0,0.0,0.006396427568293728,0.12333368952528523
186,186,1/7/2021,1,0.0,1.0,JPM,False,57,0.0,135.86999509999998,21940400.0,-0.5,0.0,0.08722088337468925,0.30443106082675886
187,187,1/8/2021,1,2.0,1.0,JPM,False,66,0.0,136.0200043,12035100.0,0.0,0.0,0.0011040642188115957,-0.451463966017028
189,189,1/11/2021,2,8.5,1.5,JPM,False,51,0.0,138.0500031,15949000.0,1.0,0.5,0.014924266547755138,0.32520710255835006
190,190,1/14/2021,1,0.0,1.0,JPM,False,49,0.0,141.16999819999998,18565600.0,-0.5,-0.33333333333333337,0.02260047106076435,0.16406044266098196
191,191,1/15/2021,1,8.0,1.0,JPM,False,100,0.0,138.6399994,27881000.0,0.0,0.0,-0.01792164647063077,0.5017559357090533
192,192,1/22/2021,3,21.33333333,1.0,JPM,False,41,0.0,133.7899933,12933200.0,2.0,0.0,-0.03498273312889244,-0.5361285463218679
194,194,1/25/2021,2,0.5,1.0,JPM,False,25,0.0,132.11999509999998,14212800.0,1.0,0.0,-0.012482235470745118,0.09893916432128158
195,195,1/27/2021,6,6.333333333,0.666666667,JPM,False,39,0.0,127.8600006,17603900.0,2.0,-0.333333333,-0.032243374644206124,0.23859478779691545
196,196,1/28/2021,8,1.0,1.0,JPM,False,36,0.0,130.1100006,13761800.0,0.33333333333333326,0.49999999924999994,0.017597372043184567,-0.21825277353313755
197,197,1/29/2021,5,0.0,1.0,JPM,False,37,0.0,128.6699982,14803100.0,-0.375,0.0,-0.01106757661486013,0.07566597392782914
200,200,2/1/2021,7,0.0,1.0,JPM,False,35,0.0,129.61999509999998,11080700.0,0.16666666666666674,0.0,0.007383204424417089,-0.2514608426613345
201,201,2/2/2021,10,1.6,0.9,JPM,False,44,0.0,133.6100006,12253600.0,0.4285714285714286,-0.09999999999999998,0.030782330279535808,0.10585071340258279
202,202,2/3/2021,1,0.0,1.0,JPM,False,48,0.0,135.1399994,10600800.0,-0.9,0.11111111111111116,0.011451229646952,-0.134882809949729
204,204,12/10/2020,3,46.33333333,1.0,CRM,False,53,0.0,222.91999819999998,9258600.0,2.0,0.0,0.010654172472341905,-0.40846420220038593
205,205,12/11/2020,1,50.0,1.0,CRM,False,50,0.0,222.41999819999998,8214400.0,-0.6666666666666667,0.0,-0.0022429571327710063,-0.11278163005205966
206,206,12/14/2020,3,34.33333333,1.0,CRM,False,39,0.0,221.2700043,8508500.0,2.0,0.0,-0.005170370961723902,0.035802980132450424
207,207,12/16/2020,1,16.0,1.0,CRM,False,50,0.0,223.61999509999998,8821400.0,-0.6666666666666667,0.0,0.010620467096000175,0.03677498971616622
208,208,12/18/2020,1,76.0,18.0,CRM,False,32,0.0,227.42999269999996,11845400.0,0.0,17.0,0.017037821677333476,0.34280272972544035
209,209,12/22/2020,2,4.5,1.0,CRM,False,37,0.0,231.16999819999998,10339600.0,1.0,-0.9444444444444444,0.01644464503383869,-0.12712107653603932
210,210,12/23/2020,3,18.0,1.0,CRM,False,29,0.0,227.42999269999996,7090500.0,0.5,0.0,-0.01617859380162434,-0.31423846183604787
213,213,12/28/2020,2,10.0,1.0,CRM,False,36,0.0,224.6399994,6422500.0,1.0,0.0,-0.0122674818166143,-0.0942105634299415
214,214,12/29/2020,2,4.0,1.0,CRM,False,38,0.0,222.46000669999998,6122400.0,0.0,0.0,-0.009704383483897128,-0.04672635266640712
215,215,12/31/2020,3,9.666666667000001,1.0,CRM,False,37,0.0,222.5299988,6011100.0,0.5,0.0,0.00031462778877999753,-0.018179145433163457
217,217,1/4/2021,2,40.0,1.0,CRM,False,39,0.0,220.30999759999997,10319900.0,0.0,0.0,-0.009976188432891941,0.7168072399394454
218,218,1/6/2021,1,41.0,1.0,CRM,False,40,0.0,216.14999390000003,9789800.0,-0.5,0.0,-0.018882500773083177,-0.0513667768098528
219,219,1/7/2021,1,58.0,6.0,CRM,False,41,0.0,217.9799957,8443100.0,0.0,5.0,0.008466351383968007,-0.13756154364746986
220,220,1/8/2021,2,0.0,1.0,CRM,False,36,0.0,222.03999330000002,7301700.0,1.0,-0.8333333333333334,0.018625551335397228,-0.1351873127168931
223,223,1/12/2021,1,70.0,7.0,CRM,False,47,0.0,215.5200043,10736000.0,0.0,2.5,-0.02936402988983522,0.47034252297410184
224,224,1/20/2021,1,113.0,6.0,CRM,False,43,0.0,223.44000240000003,9857700.0,0.0,-0.1428571428571429,0.036748320072300666,-0.0818088673621461
227,227,1/25/2021,4,2.0,1.0,CRM,False,38,0.0,225.91999819999998,8213500.0,3.0,0.0,0.011099157596500042,-0.16679347109366283
228,228,1/27/2021,2,9.0,0.5,CRM,False,49,0.0,224.7799988,7641100.0,-0.5,-0.5,-0.00504603137873072,-0.0696901442746698
229,229,2/1/2021,3,11.66666667,27.66666667,CRM,False,32,0.0,228.46000669999998,5696700.0,0.5,54.33333334,0.0163715985392201,-0.2544659800290534
230,230,2/2/2021,4,0.5,1.0,CRM,False,40,0.0,234.1999969,7134900.0,0.33333333333333326,-0.9638554216911017,0.025124704682064625,0.2524619516562221
231,231,2/3/2021,2,0.0,1.0,CRM,False,38,0.0,234.82000730000004,5357600.0,-0.5,0.0,0.002647354432992577,-0.24909949683947918
234,234,12/22/2020,1,14.0,1.0,ZM,False,31,0.0,409.0,4211000.0,-0.5,0.0,0.03020072518080874,-0.09971351605592849
235,235,12/28/2020,3,6.0,1.0,ZM,False,42,0.0,351.39001460000003,9454800.0,2.0,0.0,-0.14085571002444985,1.2452624079791024
237,237,1/4/2021,1,80.0,1.0,ZM,False,36,0.0,359.980011,8598300.0,-0.6666666666666667,0.0,0.024445761242755548,-0.09058890722172863
238,238,1/5/2021,1,0.0,1.0,ZM,False,48,0.0,360.82998660000004,4983500.0,0.0,0.0,0.0023611744375440225,-0.42040868543781906
239,239,1/13/2021,1,40.0,19.0,ZM,False,42,0.0,364.63000489999996,14056500.0,0.0,18.0,0.010531326223206738,1.8206080064211898
240,240,1/14/2021,2,11.5,1.0,ZM,False,43,0.0,383.23999019999997,9311000.0,1.0,-0.9473684210526316,0.051037997558933235,-0.33760182122149895
243,243,1/27/2021,1,0.0,1.0,ZM,False,23,0.0,370.73999019999997,4557500.0,0.0,0.0,-0.032616637928303605,-0.5105251852647406
244,244,1/28/2021,4,1.0,1.0,ZM,False,17,0.0,378.5899963,3374200.0,3.0,0.0,0.021173885492539624,-0.25963795940756995
245,245,1/29/2021,3,0.333333333,1.0,ZM,False,14,0.0,372.07000730000004,3959000.0,-0.25,0.0,-0.017221767779710184,0.1733151561851698
247,247,2/1/2021,1,0.0,1.0,ZM,False,19,0.0,381.92999269999996,3443900.0,0.0,0.0,0.026500349951749325,-0.1301086132861834
248,248,2/2/2021,1,1.0,1.0,ZM,False,20,0.0,391.8399963,3780100.0,0.0,0.0,0.025947173014464475,0.09762188216847179
250,250,12/10/2020,3,23.0,1.0,PTON,False,25,0.0,117.9899979,9688400.0,-0.25,0.0,-0.0021987492600422653,0.05352210695722137
251,251,12/15/2020,2,48.0,1.0,PTON,False,32,0.0,127.77999879999999,9907000.0,-0.33333333333333337,0.0,0.08297314242091347,0.022563065108789804
252,252,12/17/2020,1,0.0,1.0,PTON,False,33,0.0,136.8000031,10599800.0,-0.5,0.0,0.07059011100882873,0.06993035227616828
253,253,12/18/2020,1,11.0,3.0,PTON,False,26,0.0,139.83999630000002,32497800.0,0.0,2.0,0.02222217201104737,2.065888035623314
255,255,12/21/2020,1,33.0,1.0,PTON,False,67,0.0,144.3899994,14272900.0,0.0,-0.8571428571428572,0.03253720838377894,-0.5608041159709273
256,256,12/22/2020,1,9.0,1.0,PTON,False,100,0.0,161.21000669999998,40072800.0,0.0,0.0,0.11649011268019982,1.8076144301438388
257,257,12/23/2020,3,25.0,1.0,PTON,False,49,0.0,162.7599945,12869000.0,2.0,0.0,0.00961471208722453,-0.6788594757541275
260,260,12/30/2020,5,7.4,1.0,PTON,False,40,0.0,154.96000669999998,6802400.0,4.0,0.0,-0.047923249346140895,-0.4714119201181133
263,263,1/25/2021,1,1.0,1.0,PTON,False,20,0.0,157.1399994,6611700.0,-0.75,0.0,0.014068098901289128,-0.028034223215335774
264,264,1/27/2021,9,0.444444444,1.0,PTON,False,44,0.0,144.96000669999998,7359200.0,8.0,0.0,-0.07751045403147694,0.11305715625330848
265,265,1/28/2021,1,1.0,1.0,PTON,False,33,0.0,145.83000180000002,6281500.0,-0.8888888888888888,0.0,0.006001621549318159,-0.14644254810305468
266,266,2/3/2021,1,0.0,1.0,PTON,False,33,0.0,147.16999819999998,4095000.0,0.0,0.0,0.009188756658164987,-0.34808564833240463
268,268,12/11/2020,3,46.0,1.0,DIS,False,100,0.0,175.72000119999998,87410700.0,-0.4,0.0,0.13594930812412986,8.719643730818841
271,271,12/14/2020,2,34.0,1.0,DIS,False,57,0.0,169.3000031,30939400.0,1.0,0.0,-0.03653538616069618,-0.6460456214170576
272,272,12/15/2020,1,0.0,1.0,DIS,False,51,0.0,173.9400024,18817200.0,-0.5,0.0,0.02740696523944708,-0.3918046245240696
273,273,12/16/2020,1,0.0,2.0,DIS,False,53,0.0,173.11999509999998,11105800.0,0.0,1.0,-0.004714311191707843,-0.4098059222413537
276,276,12/30/2020,1,0.0,1.0,DIS,False,35,0.0,181.16999819999998,11680400.0,0.0,0.0,0.046499557115571966,0.05173873111347227
279,279,1/4/2021,1,80.0,1.0,DIS,False,45,0.0,177.67999269999999,13426600.0,0.0,0.0,-0.019263705550999988,0.14949830485257354
280,280,1/6/2021,1,1.0,1.0,DIS,False,60,0.0,179.11999509999998,7517800.0,0.0,0.0,0.008104471292000426,-0.4400816290051093
281,281,1/8/2021,1,34.0,6.0,DIS,False,61,0.0,178.6900024,7894500.0,0.0,5.0,-0.0024005845900114675,0.050107744286892464
282,282,1/11/2021,1,0.0,1.0,DIS,False,55,0.0,179.08999630000002,6464100.0,0.0,-0.8333333333333334,0.0022384794595537993,-0.18118943568307044
283,283,1/12/2021,1,0.0,1.0,DIS,False,50,0.0,175.9900055,8349800.0,0.0,0.0,-0.017309681523512532,0.2917188781114153
284,284,1/13/2021,3,0.666666667,1.0,DIS,False,63,0.0,176.11999509999998,6839500.0,2.0,0.0,0.0007386192166463079,-0.18087858391817768
285,285,1/14/2021,3,0.666666667,1.0,DIS,False,56,0.0,173.42999269999999,8951200.0,0.0,0.0,-0.01527369109039911,0.3087506396666424
286,286,1/15/2021,1,0.0,1.0,DIS,False,48,0.0,171.4400024,12232500.0,-0.6666666666666667,0.0,-0.011474314615478765,0.3665765483957457
288,288,1/20/2021,2,14.5,2.0,DIS,False,77,0.0,173.6399994,9809200.0,-0.33333333333333337,1.9999999984999999,0.012832460156335213,-0.19810341303903534
289,289,1/21/2021,1,22.0,1.0,DIS,False,74,0.0,171.27999880000002,8423900.0,-0.5,-0.5,-0.013591341903678833,-0.1412245646943685
290,290,1/22/2021,2,0.5,1.5,DIS,False,58,0.0,172.77999880000002,9517200.0,1.0,0.5,0.008757589972612667,0.12978549128076078
293,293,1/25/2021,10,0.5,1.0,DIS,False,49,0.0,171.8899994,7833700.0,9.0,0.0,-0.0051510557135159285,-0.1768902618417182
294,294,1/26/2021,2,0.5,1.0,DIS,False,50,0.0,169.5599976,7523200.0,-0.8,0.0,-0.013555191157909707,-0.03963644254949772
295,295,1/27/2021,73,5.452054795,8.123287671,DIS,False,54,0.0,163.02999880000002,18239200.0,35.5,7.123287671,-0.03851143484564423,1.4243938749468312
296,296,1/28/2021,86,5.569767442000001,1.0,DIS,False,52,0.0,171.88000490000002,14449100.0,0.17808219178082196,-0.8768971332173815,0.054284525333628375,-0.20779968419667527
297,297,1/29/2021,36,6.222222222,1.0,DIS,False,61,0.0,168.16999819999998,12840900.0,-0.5813953488372092,0.0,-0.021584864988562935,-0.11130104989238088
300,300,2/1/2021,64,78.40625,517.28125,DIS,False,54,3.0,170.97000119999998,8140400.0,3.9230769230769234,56.47569444444444,0.016649836653206407,-0.3660568963234664
301,301,2/2/2021,62,10.88709677,131.4354839,DIS,False,49,3.0,176.96000669999998,12215200.0,-0.03125,-0.7459109838216638,0.03503541824856704,0.5005650827969141
302,302,2/3/2021,6,4.166666667,141.5,DIS,False,50,1.0,176.42999269999999,5508600.0,-0.9032258064516129,0.07657381249995909,-0.002995106125298297,-0.5490372650468269
306,306,1/29/2021,1,0.0,1.0,MCD,False,80,0.0,206.5690155,5202500.0,-0.5,1.0,0.00405792647326475,-0.04785871156661792
309,309,1/12/2021,3,1.333333333,1.0,PRTY,False,51,0.0,8.069999695,2710100.0,2.0,0.0,-0.00859958784402215,-0.45335538657038543
310,310,1/20/2021,1,7.0,0.0,PRTY,False,62,0.0,7.0399999620000004,4048800.0,-0.6666666666666667,-1.0,-0.12763318115590083,0.4939670122873694
312,312,1/28/2021,12,0.5,1.0,PRTY,False,25,0.0,7.059999942999999,4274200.0,-0.6571428571428571,-0.14634146310232,0.04592591748148145,-0.18099946347819418
313,313,1/29/2021,23,0.260869565,1.0,PRTY,False,77,0.0,7.190000057000001,7716200.0,0.9166666666666667,0.0,0.01841361402968511,0.8052968976650601
316,316,2/1/2021,5,0.8,1.0,PRTY,False,89,0.0,7.349999905,3449800.0,1.5,1.0,0.022253108029425928,-0.5529146471060885
318,318,12/11/2020,1,11.0,1.0,CSCO,False,26,0.0,43.96345901,14577700.0,0.0,0.0,-0.0011268220588362965,0.09208525302468451
320,320,1/28/2021,1,2.0,1.0,CSCO,False,22,0.0,45.34000015,21166000.0,-0.5,0.0,0.03131102899994498,0.4519437222607132
322,322,12/30/2020,1,101.0,1.0,GOOGL,False,50,0.0,1736.25,1051300.0,-0.5,0.0,-0.009136777595010082,-0.36381240544629345
324,324,1/14/2021,2,2.0,1.0,GOOGL,False,45,0.0,1730.9200440000002,1460600.0,1.0,0.0,-0.0030698090712741877,0.3893274992865976
325,325,1/21/2021,1,4.0,14.0,GOOGL,False,58,0.0,1884.1500239999998,2933000.0,-0.5,13.0,0.08852516355746798,1.0080788716965632
326,326,1/25/2021,3,0.0,1.0,GOOGL,False,45,0.0,1894.280029,2529300.0,2.0,-0.9285714285714286,0.005376432275012943,-0.13764064098192974
327,327,1/27/2021,2,0.0,1.0,GOOGL,False,53,0.0,1818.939941,4125600.0,-0.33333333333333337,0.0,-0.03977241318421776,0.6311232356778556
328,328,1/28/2021,18,0.38888888899999996,1.0,GOOGL,False,68,0.0,1853.199951,2763900.0,8.0,0.0,0.018835151852877985,-0.33006108202443285
329,329,1/29/2021,15,0.0,1.0,GOOGL,False,48,0.0,1827.359985,2225200.0,-0.16666666666666663,0.0,-0.013943431191036137,-0.1949057491226166
331,331,2/1/2021,3,0.0,1.0,GOOGL,False,61,0.0,1893.069946,2012600.0,-0.25,0.0,0.035958958026543364,-0.09554197375516804
333,333,1/11/2021,1,0.0,1.0,ORCL,False,14,0.0,63.02999878,6286600.0,0.0,0.0,0.06373882309741496,-0.5579012510636503
334,334,1/12/2021,1,32.0,5.0,ORCL,False,43,0.0,62.41999817,7758200.0,0.0,4.0,-0.009677941009155755,0.23408519708586528
336,336,12/9/2020,45,52.08888889,1.0,GME,False,0,0.0,13.65999985,24357900.0,-0.4375,0.0,-0.19362459134468513,0.511017233036811
337,337,12/10/2020,19,33.05263158,1.0,GME,False,0,0.0,14.11999989,7558900.0,-0.5777777777777777,0.0,0.033674966694820396,-0.6896735761293051
338,338,12/11/2020,21,34.33333333,1.0,GME,False,0,0.0,13.31000042,7496900.0,0.10526315789473695,0.0,-0.05736540200497131,-0.00820225165037236
341,341,12/14/2020,29,51.82758621,1.0,GME,False,0,0.0,12.72000027,10007100.0,2.2222222222222223,0.0,-0.04432758312414842,0.3348317304485855
342,342,12/15/2020,25,19.28,1.0,GME,False,0,0.0,13.85000038,8192900.0,-0.13793103448275867,0.0,0.0888364847495402,-0.18129128318893584
343,343,12/16/2020,9,47.77777778,5.777777778,GME,False,0,0.0,13.85000038,5865100.0,-0.64,4.777777778,0.0,-0.2841240586361362
344,344,12/17/2020,16,46.9375,22.625,GME,False,0,0.0,14.82999992,8194900.0,0.7777777777777777,2.9158653844647744,0.0707580875893088,0.39723107875398544
345,345,12/18/2020,13,164.6153846,479.15384620000003,GME,False,0,2.0,15.63000011,16618800.0,-0.1875,20.178070550276246,0.05394471977852833,1.027944209203285
348,348,12/21/2020,26,58.42307692,1.0,GME,False,0,0.0,15.52999973,9876100.0,1.1666666666666665,0.0,-0.006397976922343007,-0.40572724865814624
349,349,12/22/2020,96,62.5625,1.010416667,GME,False,1,0.0,19.45999908,30652700.0,2.6923076923076925,0.010416667000000102,0.2530585588104193,2.1037251546663156
350,350,12/23/2020,98,34.01020408,1.0,GME,False,1,0.0,20.56999969,25830300.0,0.02083333333333326,-0.01030927867701148,0.05704011626294481,-0.15732382465492434
351,351,12/24/2020,43,34.46511628,1.0,GME,False,1,0.0,20.14999962,6262200.0,-0.5612244897959184,0.0,-0.020418088299932302,-0.7575637913613082
355,355,12/28/2020,95,36.70526316,1.0,GME,False,0,0.0,20.98999977,8965900.0,0.6666666666666667,0.0,0.041687353143483596,0.43174922551180095
356,356,12/29/2020,74,38.48648649,1.0,GME,False,0,0.0,19.37999916,9241400.0,-0.2210526315789474,0.0,-0.07670322189812961,0.030727534324496153
357,357,12/30/2020,65,92.8,1.0,GME,False,0,0.0,19.26000023,5934400.0,-0.1216216216216216,0.0,-0.006191895521217461,-0.3578462137771333
358,358,12/31/2020,106,27.94339623,1.0094339620000001,GME,False,0,0.0,18.84000015,6922700.0,0.6307692307692307,0.009433962000000129,-0.021806857475826558,0.1665374764087355
362,362,1/4/2021,78,18.83333333,1.0,GME,False,0,0.0,17.25,10022500.0,1.7857142857142856,0.0,-0.08439491174844826,0.44777326765568337
363,363,1/5/2021,76,57.30263158,1.0,GME,False,0,0.0,17.37000084,4961500.0,-0.02564102564102566,0.0,0.006956570434782483,-0.5049638313793964
364,364,1/6/2021,47,12.53191489,3.425531915,GME,False,0,0.0,18.36000061,6056200.0,-0.381578947368421,2.425531915,0.05699480265540391,0.22063891968154792
365,365,1/7/2021,20,48.95,2.7,GME,False,0,0.0,18.07999992,6129300.0,-0.574468085106383,-0.211801242260503,-0.015250581737317304,0.012070275089990368
366,366,1/8/2021,43,24.79069767,2.23255814,GME,False,0,0.0,17.69000053,6482000.0,1.15,-0.17312661481481484,-0.021570762816684796,0.05754327574111229
369,369,1/11/2021,74,42.2972973,4.378378378,GME,False,0,0.0,19.94000053,14927600.0,1.3870967741935485,0.5423832924778522,0.1271904992984192,1.3029311940759025
370,370,1/12/2021,44,39.04545455,5.1136363639999995,GME,False,0,0.0,19.95000076,7060700.0,-0.4054054054054054,0.16792929311327787,0.0005015160348145198,-0.527003671052279
371,371,1/13/2021,459,37.64488017,11.78431373,GME,False,2,1.0,31.39999962,144501700.0,9.431818181818182,1.3044880181472363,0.5739347580856933,19.465633719036354
372,372,1/14/2021,464,38.79956897,7.698275862000001,GME,False,3,1.0,39.90999985,93717400.0,0.01089324618736387,-0.3467353264363574,0.2710191188849447,-0.3514443082676536
373,373,1/15/2021,462,33.26839827,9.751082251,GME,False,2,0.0,35.5,46866400.0,-0.004310344827586188,0.26665794079074256,-0.11049861855612109,-0.499917838096234
377,377,1/19/2021,457,146.7461707,7.964989059,GME,False,3,1.0,39.36000061,74721900.0,0.432601880877743,6.91536296269201,0.1087324115492958,0.5943597118618029
378,378,1/20/2021,306,152.130719,5.571895425,GME,False,3,0.0,39.11999893,33471800.0,-0.3304157549234136,-0.30045159086514195,-0.006097603564036103,-0.5520483285355431
379,379,1/21/2021,479,24.86430063,2.584551148,GME,False,3,0.0,43.02999878,57079800.0,0.565359477124183,-0.5361450725719605,0.09994887415504339,0.7053101416714966
380,380,1/22/2021,1213,24.83017312,1.0403957129999999,GME,False,6,0.0,65.01000214,197157900.0,1.5323590814196244,-0.5974559397653678,0.5108065066972796,2.4540748215655976
383,383,1/25/2021,2296,1.091898955,1.045296167,GME,False,16,0.0,76.79000092,177874000.0,4.402352941176471,0.04040016658327872,0.18120286713160838,-0.09780942077390764
384,384,1/26/2021,677,0.478581979,1.025110783,GME,False,24,0.0,147.9799957,178588000.0,-0.7051393728222997,-0.019310684031237035,0.9270737586546705,0.004014077380617653
385,385,1/27/2021,5861,19.40505033,15.67275209,GME,False,53,35.0,347.51000980000003,93396700.0,7.657311669128507,14.288837411439072,1.3483580206645462,-0.4770270118932963
386,386,1/28/2021,11179,37.5800161,2.644690938,GME,False,100,15.0,193.6000061,58815800.0,0.9073536939088893,-0.8312554857747386,-0.4428937278341385,-0.3702582639429445
387,387,1/29/2021,4510,61.81086475,1.015299335,GME,False,93,0.0,325.0,50259200.0,-0.5965649879237857,-0.6160990607969483,0.6787189553709421,-0.14548131624495464
390,390,2/1/2021,5228,80.54437643,227.8716526,GME,False,54,166.0,225.0,37382200.0,0.9654135338345864,-0.1426611090806339,-0.3076923076923077,-0.256211798038966
391,391,2/2/2021,5554,24.95030609,175.20831830000003,GME,False,57,150.0,90.0,78183100.0,0.06235654169854632,-0.231109634301217,-0.6,1.0914526164859213
392,392,2/3/2021,1824,12.21052632,231.73300440000003,GME,False,43,103.0,92.41000366,42698500.0,-0.6715880446525027,0.32261416951229305,0.02677781844444449,-0.45386534941694556
394,394,12/14/2020,3,52.66666667,1.0,AMC,False,2,0.0,3.1900000569999998,67159000.0,2.0,0.0,-0.18622449103238248,2.0102104847963282
395,395,12/15/2020,1,191.0,1.0,AMC,False,3,0.0,2.859999895,54432100.0,-0.6666666666666667,0.0,-0.10344832479731825,-0.18950401286499208
396,396,12/17/2020,4,2.5,1.0,AMC,False,2,0.0,2.849999905,23799300.0,3.0,0.0,-0.0034965001283681074,-0.5627708649859182
399,399,12/21/2020,2,32.5,1.0,AMC,False,3,0.0,2.680000067,22699800.0,1.0,0.0,-0.05964906795321445,-0.046198837780943136
400,400,12/22/2020,1,42.0,1.0,AMC,False,3,0.0,2.589999914,21638400.0,-0.5,0.0,-0.033582145802237395,-0.04675812121692702
401,401,12/23/2020,2,0.0,1.0,AMC,False,3,0.0,2.5599999430000002,15724800.0,1.0,0.0,-0.011583000770709506,-0.27329192546583847
402,402,12/24/2020,1,8.0,1.0,AMC,False,3,0.0,2.50999999,11094200.0,-0.5,0.0,-0.019531232075500227,-0.29447751322751325
404,404,12/29/2020,1,0.0,1.0,AMC,False,3,0.0,2.289999962,21086100.0,0.0,0.0,-0.08764941389501757,0.9006417767842656
405,405,12/30/2020,7,5.428571429,1.0,AMC,False,4,0.0,2.160000086,40278400.0,6.0,0.0,-0.05676850574550352,0.9101872797719825
407,407,1/5/2021,1,0.0,1.0,AMC,False,3,0.0,1.980000019,28148300.0,-0.5,0.0,-0.08333336103394962,-0.3011564511003416
408,408,1/6/2021,1,0.0,1.0,AMC,False,2,0.0,2.00999999,67363300.0,0.0,0.0,0.015151500359657177,1.3931569579690426
409,409,1/11/2021,2,9.5,1.5,AMC,False,3,0.0,2.200000048,41695800.0,1.0,0.5,0.09452739251008668,-0.3810309174283326
410,410,1/12/2021,1,0.0,1.0,AMC,False,2,0.0,2.289999962,41784300.0,-0.5,-0.33333333333333337,0.040909050925620694,0.0021225159368569724
411,411,1/14/2021,3,17.33333333,1.0,AMC,False,2,0.0,2.180000067,49638800.0,2.0,0.0,-0.04803488944337375,0.1879773024796394
412,412,1/15/2021,16,6.5625,1.25,AMC,False,3,0.0,2.329999924,162356400.0,4.333333333333333,0.25,0.06880727173849222,2.270755940917186
416,416,1/19/2021,36,6.527777778,2.222222222,AMC,False,3,0.0,3.0599999430000002,256276000.0,4.142857142857143,1.222222222,0.31330473940393144,0.5784779657592802
417,417,1/20/2021,6,2.0,0.833333333,AMC,False,3,0.0,2.970000029,181862200.0,-0.8333333333333334,-0.6250000001125,-0.029411737149173,-0.29036585556197225
418,418,1/21/2021,4,0.5,1.0,AMC,False,3,0.0,2.9800000189999998,64823800.0,-0.33333333333333337,0.20000000048,0.0033669999671235296,-0.6435553952388127
419,419,1/22/2021,87,3.8620689660000003,0.9770114940000001,AMC,False,4,0.0,3.50999999,268273400.0,20.75,-0.02298850599999991,0.17785233812778722,3.1385015997210903
422,422,1/25/2021,261,0.8888888890000001,1.019157088,AMC,False,6,0.0,4.420000076,443238100.0,17.642857142857142,0.019157088000000044,0.25925928449931424,0.652188029077799
423,423,1/26/2021,39,0.102564103,1.0,AMC,False,9,0.0,4.960000038,456850200.0,-0.8505747126436781,-0.018796992363163567,0.12217193500337853,0.03071058196486276
424,424,1/27/2021,3724,8.20461869,4.711868958,AMC,False,63,8.0,19.89999962,1222342500.0,94.48717948717949,3.711868958,3.0120966668428073,1.6755870961641257
425,425,1/28/2021,4708,6.4859813079999995,1.669286321,AMC,False,100,2.0,8.630000114,591223900.0,0.26423200859291085,-0.6457273460107971,-0.5663316442817098,-0.5163189531575643
426,426,1/29/2021,1696,14.90153302,1.0288915090000001,AMC,False,76,0.0,13.26000023,602193300.0,-0.6397621070518267,-0.3836338942838553,0.5365005857287293,0.01855371543674056
429,429,2/1/2021,2498,17.911128899999998,159.6333066,AMC,False,52,67.0,13.30000019,434608000.0,1.5130784708249498,-0.15265054255429467,0.003016588182970237,-0.2782915386139301
430,430,2/2/2021,3163,11.26999684,57.09105279999999,AMC,False,44,50.0,7.820000172,462775900.0,0.266212970376301,-0.6423612714916976,-0.41203007065520947,0.06481219857894938
431,431,2/3/2021,898,13.30400891,218.2371938,AMC,False,32,47.0,8.970000267,221405100.0,-0.7160923174201708,2.822616383770734,0.14705883244320717,-0.5215716721635677
433,433,12/9/2020,7,70.57142857,1.0,BB,False,19,0.0,8.31000042,19628000.0,-0.2222222222222222,0.0,-0.0246478904590689,-0.26993018437722005
434,434,12/10/2020,6,36.83333333,1.166666667,BB,False,20,0.0,8.369999886,10923200.0,-0.1428571428571429,0.1666666670000001,0.007220151981653045,-0.4434888934175667
435,435,12/11/2020,1,91.0,1.0,BB,False,17,0.0,8.159999847,11643200.0,-0.8333333333333334,-0.1428571431020409,-0.02508961073598759,0.06591475025633509
438,438,12/14/2020,4,3.75,1.0,BB,False,18,0.0,8.25,14675500.0,3.0,0.0,0.01102943072150775,0.26043527552562873
439,439,12/15/2020,5,9.6,1.0,BB,False,16,0.0,8.300000191,9819700.0,0.25,0.0,0.006060629212121249,-0.3308779939354707
440,440,12/16/2020,6,12.16666667,1.8333333330000001,BB,False,17,0.0,8.239999771,8043200.0,0.19999999999999996,0.8333333330000001,-0.007228966098706935,-0.18091184048392517
441,441,12/17/2020,11,43.81818182,21.81818182,BB,False,18,0.0,8.260000229,17717900.0,0.8333333333333333,10.900826449436513,0.002427240115999485,1.2028421523771633
442,442,12/18/2020,5,57.8,17.0,BB,False,20,0.0,6.9499998089999995,49470100.0,-0.5454545454545454,-0.22083333339826383,-0.1585956880970445,1.792097257575672
445,445,12/22/2020,4,109.25,1.0,BB,False,17,0.0,7.190000057000001,16741500.0,1.0,0.0,0.03453241073319302,-0.6615834615252445
446,446,12/23/2020,3,3.0,1.0,BB,False,15,0.0,7.090000152999999,9115500.0,-0.25,0.0,-0.013908192379309403,-0.4555147388226861
448,448,12/28/2020,3,45.66666667,1.0,BB,False,17,0.0,6.8800001139999996,9820100.0,2.0,0.0,-0.029619186807935738,0.07729691185343635
449,449,12/29/2020,14,29.07142857,1.0,BB,False,16,0.0,6.769999981000001,11284200.0,3.666666666666667,0.0,-0.015988391159494575,0.14909216810419457
450,450,12/30/2020,4,12.5,1.0,BB,False,17,0.0,6.670000076,9434900.0,-0.7142857142857143,0.0,-0.014771034753419565,-0.16388401481717796
451,451,12/31/2020,3,20.33333333,1.0,BB,False,16,0.0,6.6300001139999996,7530600.0,-0.25,0.0,-0.005996995733767441,-0.2018357375276898
455,455,1/4/2021,2,24.0,1.0,BB,False,14,0.0,6.579999924,11139200.0,-0.6,0.0,-0.007541506657657293,0.4791915650811356
456,456,1/5/2021,10,9.6,1.0,BB,False,15,0.0,6.769999981000001,9108900.0,4.0,0.0,0.02887538893533903,-0.18226623096811256
457,457,1/6/2021,7,126.0,3.714285714,BB,False,15,0.0,6.7100000379999996,11022300.0,-0.30000000000000004,2.714285714,-0.008862620852051806,0.21005829463491743
458,458,1/7/2021,5,55.2,1.2,BB,False,15,0.0,7.059999942999999,13062800.0,-0.2857142857142857,-0.6769230768982248,0.05216093934692756,0.18512470174101603
459,459,1/8/2021,2,22.0,1.0,BB,False,15,0.0,7.559999942999999,23039300.0,-0.6,-0.16666666666666663,0.07082153031683114,0.7637336558777597
461,461,1/11/2021,3,12.66666667,1.0,BB,False,15,0.0,7.650000095,15749600.0,2.0,0.0,0.011904782100340405,-0.3164028421002374
462,462,1/12/2021,3,33.66666667,3.333333333,BB,False,16,0.0,7.6300001139999996,9416000.0,0.0,2.333333333,-0.0026143765688411147,-0.4021435465027683
463,463,1/13/2021,3,70.66666667,8.0,BB,False,18,0.0,7.440000057000001,8345500.0,0.0,1.40000000024,-0.024901710899240315,-0.11368946474086661
464,464,1/14/2021,136,44.47794118,6.507352941000001,BB,False,19,0.0,9.109999657000001,65231300.0,44.333333333333336,-0.18658088237499992,0.2244623101082861,6.816344137559164
465,465,1/15/2021,246,30.43089431,7.0121951220000005,BB,False,25,0.0,9.840000153,153854700.0,0.8088235294117647,0.0775802673648156,0.0801317808436004,1.3586023887305636
469,469,1/19/2021,264,30.84848485,10.00757576,BB,False,23,0.0,12.35000038,112483200.0,2.6666666666666665,9.148527532411102,0.25508131991591054,-0.2688998126154092
470,470,1/20/2021,275,20.14545455,5.843636364,BB,False,27,0.0,12.78999996,130140700.0,0.04166666666666674,-0.4160787283412981,0.035627495260044606,0.1569789977525533
471,471,1/21/2021,193,20.76165803,3.2487046630000003,BB,False,23,0.0,12.85000038,63465000.0,-0.2981818181818182,-0.44406111868736386,0.004691197825461346,-0.5123354953523379
472,472,1/22/2021,462,18.61255411,1.032467532,BB,False,24,0.0,14.03999996,120473600.0,1.3937823834196892,-0.6821910148500316,0.09260696846765382,0.8982683368785944
475,475,1/25/2021,1294,0.5054095829999999,1.057959815,BB,False,43,0.0,18.03000069,363829100.0,13.873563218390805,0.057959815000000026,0.28418808699198905,2.0199902717275817
476,476,1/26/2021,306,0.611111111,1.016339869,BB,False,53,0.0,18.92000008,242740800.0,-0.7635239567233385,-0.039339817458000526,0.049362138432619274,-0.33281642397488276
477,477,1/27/2021,1825,10.36,9.997808219,BB,False,85,8.0,25.10000038,372222600.0,4.9640522875816995,8.83707175517681,0.3266384922763699,0.5334158905301458
478,478,1/28/2021,2262,22.68744474,1.3377542,BB,False,100,0.0,14.64999962,194906600.0,0.23945205479452047,-0.8661952529297662,-0.4163346853303913,-0.47637085980270943
479,479,1/29/2021,719,21.66759388,1.018080668,BB,False,78,0.0,14.10000038,93685700.0,-0.6821396993810787,-0.23896283188645562,-0.0375426112127093,-0.5193302843515817
482,482,2/1/2021,389,25.00514139,120.20822620000001,BB,False,45,34.0,14.63000011,78506000.0,0.6074380165289257,-0.020096650220380652,0.03758863232030629,-0.16202792955595147
483,483,2/2/2021,240,16.92916667,100.9916667,BB,False,36,11.0,11.55000019,80520900.0,-0.38303341902313626,-0.1598606027846039,-0.21052630873835299,0.025665554225154708
484,484,2/3/2021,100,8.35,115.47,BB,False,31,9.0,12.0,50001300.0,-0.5833333333333333,0.14336166312621113,0.038961021869905244,-0.37902706005521547
486,486,12/9/2020,1,13.0,1.0,NOK,False,1,0.0,4.190000057,31808800.0,0.0,0.0,-0.00710894182295696,-0.11198213288665548
487,487,12/10/2020,1,3.0,1.0,NOK,False,1,0.0,4.1999998089999995,27951000.0,0.0,0.0,0.0023865756238579117,-0.12128090339780184
488,488,1/14/2021,3,5.333333333,1.0,NOK,False,1,0.0,4.090000153,93198600.0,2.0,0.0,-0.026190395476753503,2.3343565525383707
489,489,1/15/2021,2,30.0,1.0,NOK,False,1,0.0,4.079999924,36639300.0,-0.33333333333333337,0.0,-0.0024450436738162606,-0.606868558111388
492,492,1/19/2021,8,12.625,5.875,NOK,False,1,0.0,4.1300001139999996,40539400.0,7.0,4.875,0.012254948757690176,0.10644581091887662
493,493,1/20/2021,17,27.05882353,3.235294118,NOK,False,2,0.0,4.1999998089999995,43924100.0,1.125,-0.4493116394893617,0.016949078224650194,0.08349161556411788
494,494,1/21/2021,11,20.63636364,1.2727272729999999,NOK,False,2,0.0,4.21999979,22054900.0,-0.3529411764705882,-0.6066115702065515,0.004761900454648416,-0.49788612629513185
495,495,1/22/2021,12,20.16666667,1.0,NOK,False,2,0.0,4.1999998089999995,29126700.0,0.09090909090909083,-0.2142857144540815,-0.004739332226365023,0.32064529877714243
498,498,1/25/2021,446,0.7757847529999999,1.058295964,NOK,False,7,0.0,4.849999905,296379300.0,36.166666666666664,0.05829596400000003,0.15476193465703103,9.17551936882654
499,499,1/26/2021,182,2.313186813,1.0164835159999999,NOK,False,12,0.0,4.730000018999999,379387300.0,-0.5919282511210762,-0.03950921993689105,-0.02474224502072453,0.2800735408984365
500,500,1/27/2021,2835,5.958730159,2.527689594,NOK,False,45,2.0,6.5500001910000005,1123003300.0,14.576923076923077,1.486700034199079,0.38477804750300604,1.9600445244213498
501,501,1/28/2021,2179,7.557595227,1.5924736119999998,NOK,False,100,1.0,4.690000057,675220900.0,-0.23139329805996478,-0.3699884606954631,-0.2839694778262336,-0.3987364952533977
502,502,1/29/2021,541,13.91497227,1.0406654340000001,NOK,False,61,0.0,4.559999943,360766100.0,-0.7517209729233594,-0.346510092124528,-0.02771857407676781,-0.46570655618035517
505,505,2/1/2021,405,12.38024691,26.71111111,NOK,False,28,8.0,4.889999866,194969200.0,1.1204188481675392,-0.5590473446809968,0.07236840507127162,-0.4595689561740973
506,506,2/2/2021,433,10.61662818,68.74133949,NOK,False,21,3.0,4.53000021,165679700.0,0.06913580246913575,1.57351104590572,-0.07361956357157906,-0.1502262921528118
507,507,2/3/2021,109,29.27522936,419.3394495,NOK,False,17,6.0,4.6999998089999995,95964300.0,-0.7482678983833718,5.100251356914605,0.03752750355832757,-0.42078419987481874
509,509,12/28/2020,3,45.66666667,1.0,BBBY,False,5,0.0,18.77000046,5879900.0,2.0,0.0,-0.038914500929288165,-0.3476128660031732
510,510,12/29/2020,10,28.1,1.0,BBBY,False,4,0.0,18.82999992,6383300.0,2.3333333333333335,0.0,0.003196561456024538,0.08561370091328091
511,511,12/30/2020,1,10.0,1.0,BBBY,False,3,0.0,18.64999962,5408600.0,-0.9,0.0,-0.009559229992816665,-0.15269531433584504
512,512,12/31/2020,1,19.0,1.0,BBBY,False,6,0.0,17.76000023,12481800.0,0.0,0.0,-0.047721147889224436,1.307769108456902
516,516,1/4/2021,2,24.0,1.0,BBBY,False,5,0.0,18.03000069,13984900.0,-0.6,0.0,0.015202728406721544,0.12042333637776603
517,517,1/5/2021,6,15.0,1.0,BBBY,False,8,0.0,19.76000023,13674400.0,2.0,0.0,0.09595116327197428,-0.022202518430592955
518,518,1/6/2021,3,56.66666667,4.666666667,BBBY,False,10,0.0,21.03000069,19065700.0,-0.5,3.6666666670000003,0.06427127759198425,0.3942622711051307
519,519,1/7/2021,2,112.0,1.0,BBBY,False,12,0.0,18.72999954,37425800.0,-0.33333333333333337,-0.7857142857295918,-0.10936762123330201,0.9629911306692123
521,521,1/12/2021,2,50.5,4.5,BBBY,False,2,0.0,21.53000069,8798500.0,1.0,3.5,0.14949285738209905,-0.7649081649557257
522,522,1/14/2021,16,21.6875,4.5625,BBBY,False,10,0.0,27.34000015,29231300.0,7.0,0.01388888888888884,0.26985598113327325,2.322304938341763
523,523,1/15/2021,10,34.8,1.1,BBBY,False,10,0.0,25.60000038,13654700.0,-0.375,-0.7589041095890411,-0.06364300513729149,-0.5328740083403749
527,527,1/19/2021,1,2.0,1.0,BBBY,False,4,0.0,25.03000069,9033000.0,-0.5,0.0,-0.02226561256011983,-0.3384695379612881
528,528,1/20/2021,1,96.0,17.0,BBBY,False,2,0.0,24.96999931,7022700.0,0.0,16.0,-0.002397178519614407,-0.22255064762537358
529,529,1/21/2021,2,0.5,1.0,BBBY,False,2,0.0,26.87000084,16657400.0,1.0,-0.9411764705882353,0.07609137294765911,1.3719367194953507
530,530,1/22/2021,12,8.916666667000001,1.0,BBBY,False,6,0.0,30.20999908,38895400.0,5.0,0.0,0.12430212637090476,1.335022272383445
533,533,1/25/2021,54,0.333333333,0.981481481,BBBY,False,26,0.0,30.68000031,89053000.0,9.8,-0.01851851900000001,0.015557803519138602,1.2895509494696031
534,534,1/26/2021,14,1.857142857,1.0,BBBY,False,33,0.0,36.86999893,63986200.0,-0.7407407407407407,0.018867925028123844,0.2017600572833893,-0.2814818142005323
535,535,1/27/2021,81,17.0617284,3.3456790119999997,BBBY,False,98,0.0,52.88999939,90316800.0,4.785714285714286,2.3456790119999997,0.4344996182510059,0.411504355626682
536,536,1/28/2021,104,2.788461538,1.009615385,BBBY,False,100,0.0,33.63999939,58499900.0,0.28395061728395055,-0.6982330398765701,-0.36396294615272073,-0.3522810817035147
537,537,1/29/2021,30,2.9666666669999997,1.0,BBBY,False,54,0.0,35.33000183,21607300.0,-0.7115384615384616,-0.009523809901133773,0.05023788557209019,-0.6306438130663472
540,540,2/1/2021,19,10.36842105,13.05263158,BBBY,False,23,0.0,30.26000023,13869700.0,1.375,-0.3709575142168675,-0.14350414201492845,-0.3581011972805487
541,541,2/2/2021,12,5.416666667,24.08333333,BBBY,False,23,0.0,25.37999916,21419100.0,-0.368421052631579,0.845094085617331,-0.16126903611725452,0.5443088170616524
542,542,2/3/2021,1,0.0,1.0,BBBY,False,13,0.0,28.02000046,9764400.0,-0.9166666666666666,-0.958477508644772,0.10401896719369308,-0.5441265039147303
544,544,12/15/2020,1,12.0,1.0,BBY,False,54,0.0,102.9899979,3310000.0,-0.5,0.0,-0.01149147755473967,-0.30816821336008693
546,546,12/28/2020,3,45.66666667,1.0,BBY,False,46,0.0,102.58000179999999,2601600.0,2.0,0.0,-0.003980931239537577,-0.21401812688821753
547,547,12/29/2020,12,28.75,1.0,BBY,False,29,0.0,100.7600021,2201100.0,3.0,0.0,-0.017742246715382604,-0.15394372693726932
548,548,12/30/2020,1,10.0,1.0,BBY,False,52,0.0,101.3799973,1639300.0,-0.9166666666666666,0.0,0.006153187644683422,-0.2552360183544591
549,549,12/31/2020,2,30.0,1.0,BBY,False,55,0.0,99.79000092,2232100.0,1.0,0.0,-0.015683531488908442,0.3616177636796194
553,553,1/4/2021,2,24.0,1.0,BBY,False,31,0.0,100.4899979,3636600.0,-0.6,0.0,0.007014700606738922,0.6292280811791586
554,554,1/5/2021,6,15.0,1.0,BBY,False,46,0.0,101.0,2396400.0,2.0,0.0,0.005075152857576093,-0.3410328328658637
555,555,1/6/2021,4,48.5,3.75,BBY,False,38,0.0,105.9100037,4699200.0,-0.33333333333333337,2.75,0.04861389801980209,0.9609414121181772
556,556,1/7/2021,2,112.0,1.0,BBY,False,36,0.0,107.70999909999999,3703800.0,-0.5,-0.7333333333333334,0.01699551824300416,-0.2118232890704801
558,558,1/12/2021,2,50.5,4.5,BBY,False,40,0.0,114.70999909999999,4575500.0,1.0,3.5,0.0649893237256558,0.23535288082509864
559,559,1/14/2021,19,20.21052632,4.736842105,BBY,False,68,0.0,113.91999820000001,1966000.0,8.5,0.05263157888888892,-0.006886940163876143,-0.5703201835864933
560,560,1/15/2021,12,29.5,4.5,BBY,False,50,0.0,114.0,3123200.0,-0.368421052631579,-0.04999999994722226,0.000702263002669179,0.5886063072227874
564,564,1/19/2021,1,2.0,1.0,BBY,False,40,0.0,111.6200027,2630600.0,-0.5,0.0,-0.020877169298245568,-0.15772284836065575
565,565,1/20/2021,1,96.0,17.0,BBY,False,39,0.0,112.2300034,1929400.0,0.0,16.0,0.005464976574489855,-0.26655515851896905
566,566,1/21/2021,2,0.5,1.0,BBY,False,25,0.0,114.5,2599800.0,1.0,-0.9411764705882353,0.02022629004036891,0.3474655333264227
567,567,1/22/2021,13,8.230769231,1.0,BBY,False,31,0.0,114.9300003,1619700.0,5.5,0.0,0.003755461135371174,-0.37699053773367186
570,570,1/25/2021,56,0.321428571,0.982142857,BBY,False,55,0.0,113.7399979,2250100.0,10.2,-0.017857142999999964,-0.010354149455266248,0.3892078780020991
571,571,1/26/2021,14,1.857142857,1.0,BBY,False,34,0.0,114.6999969,2140600.0,-0.75,0.018181818329917387,0.008440293808023691,-0.048664503799831116
572,572,1/27/2021,94,15.03191489,3.0531914889999996,BBY,False,100,0.0,113.5699997,2445900.0,5.714285714285714,2.0531914889999996,-0.00985176312589775,0.14262356348687288
573,573,1/28/2021,121,2.661157025,1.008264463,BBY,False,88,0.0,112.3099976,2429900.0,0.2872340425531914,-0.6697670399539097,-0.011094497695943839,-0.006541559344208636
574,574,1/29/2021,33,2.757575758,1.0,BBY,False,47,0.0,108.8199997,2475000.0,-0.7272727272727273,-0.008196721498454629,-0.03107468591024176,0.01856043458578549
577,577,2/1/2021,26,7.653846154,9.807692308,BBY,False,37,0.0,107.6900024,2706900.0,2.25,-0.5273401297349398,-0.010384095783084302,0.09369696969696961
578,578,2/2/2021,12,5.416666667,24.08333333,BBY,False,31,0.0,108.77999879999999,2530400.0,-0.5384615384615384,1.4555555551386492,0.01012161180897131,-0.06520373859396356
579,579,2/3/2021,1,0.0,1.0,BBY,False,37,0.0,110.3199997,1503500.0,-0.9166666666666666,-0.958477508644772,0.01415702258676621,-0.40582516598166296
581,581,1/26/2021,2,0.5,1.0,KOSS,False,14,0.0,10.0,34562700.0,-0.7777777777777778,0.0,0.6666666666666667,3.0604198728868317
582,582,1/27/2021,35,4.085714286,1.885714286,KOSS,False,63,0.0,58.0,25073500.0,16.5,0.885714286,4.8,-0.27455031001628927
583,583,1/28/2021,162,1.4567901230000002,1.12962963,KOSS,False,100,0.0,41.95999908,11305200.0,3.628571428571429,-0.4009539841816737,-0.27655173999999993,-0.5491175942728379
584,584,1/29/2021,18,0.111111111,1.0,KOSS,False,72,0.0,64.0,11449500.0,-0.8888888888888888,-0.11475409865090025,0.525262187875148,0.012764037787920568
587,587,2/1/2021,10,0.6,0.9,KOSS,False,29,0.0,35.0,7973000.0,-0.09090909090909094,-0.09999999999999998,-0.453125,-0.303637713437268
588,588,2/2/2021,26,0.538461538,1.230769231,KOSS,False,17,0.0,20.0,6671000.0,1.6,0.3675213677777778,-0.4285714285714286,-0.1633011413520632
589,589,2/3/2021,1,0.0,1.0,KOSS,False,14,0.0,25.59000015,7228400.0,-0.9615384615384616,-0.1875000001523438,0.27950000750000004,0.0835556888022786
591,591,1/14/2021,2,3.0,1.0,EXPR,False,2,0.0,1.2799999709999998,50952900.0,1.0,0.0,0.19626159700410928,13.328712035995501
592,592,1/19/2021,1,0.0,4.0,EXPR,False,0,0.0,1.210000038,3768000.0,-0.5,3.0,-0.05468744889526245,-0.9260493514598777
593,593,1/22/2021,29,9.793103448,1.0,EXPR,False,6,0.0,1.7899999619999998,77273000.0,28.0,-0.75,0.47933876511167495,19.507696390658175
596,596,1/25/2021,48,3.291666667,0.979166667,EXPR,False,26,0.0,4.150000095,358630200.0,15.0,-0.02083333300000001,1.3184358564807614,3.6410803255988506
597,597,1/26/2021,7,0.857142857,1.0,EXPR,False,28,0.0,3.039999962,73344300.0,-0.8541666666666666,0.02127659539701221,-0.26746990544346005,-0.7954876638944517
598,598,1/27/2021,146,9.849315068,1.335616438,EXPR,False,100,0.0,9.550000191,287577200.0,19.857142857142858,0.33561643799999996,2.1414474705180937,2.920920916826529
599,599,1/28/2021,85,7.341176471,1.682352941,EXPR,False,85,0.0,4.6999998089999995,89189400.0,-0.4178082191780822,0.2596078433410236,-0.5078534329842928,-0.6898592795256369
600,600,1/29/2021,19,0.36842105299999994,1.0,EXPR,False,45,0.0,6.0,57441800.0,-0.7764705882352941,-0.4055944055320554,0.27659579655953137,-0.35595709804079856
603,603,2/1/2021,10,0.8,1.0,EXPR,False,22,0.0,5.0,28988900.0,-0.2857142857142857,-0.06666666629333329,-0.16666666666666663,-0.49533440804431617
604,604,2/2/2021,11,2.363636364,2.1818181819999998,EXPR,False,20,0.0,3.3800001139999996,35425000.0,0.10000000000000009,1.1818181819999998,-0.32399997720000007,0.2220194626219001
605,605,2/3/2021,2,1.0,1.0,EXPR,False,13,0.0,3.5599999430000002,16822100.0,-0.8181818181818181,-0.5416666667048611,0.05325438548195294,-0.5251347918136908
